{
  "model_name": "SAKT",
  "timestamp": "2025-09-05T00:53:27.181201",
  "n_samples": 200,
  "n_positive": 81,
  "n_negative": 119,
  "class_balance": 0.4050000011920929,
  "classification_metrics": {
    "accuracy": 0.595,
    "precision": 0.5,
    "recall": 0.07407407407407407,
    "f1": 0.12903225806451613,
    "auc": 0.5232907978006016,
    "fpr": [
      0.0,
      0.008403361344537815,
      0.05042016806722689,
      0.07563025210084033,
      0.1092436974789916,
      0.17647058823529413,
      0.20168067226890757,
      0.24369747899159663,
      0.2605042016806723,
      0.2605042016806723,
      0.2773109243697479,
      0.2773109243697479,
      0.3277310924369748,
      0.33613445378151263,
      0.35294117647058826,
      0.3697478991596639,
      0.3949579831932773,
      0.4369747899159664,
      0.47058823529411764,
      0.5126050420168067,
      0.5378151260504201,
      0.5546218487394958,
      0.5630252100840336,
      0.5798319327731093,
      0.6134453781512605,
      0.6554621848739496,
      0.680672268907563,
      0.7142857142857143,
      0.7647058823529411,
      0.773109243697479,
      0.773109243697479,
      0.8067226890756303,
      0.8067226890756303,
      0.8319327731092437,
      0.8739495798319328,
      0.907563025210084,
      0.9159663865546218,
      0.9327731092436975,
      0.9411764705882353,
      0.9663865546218487,
      1.0
    ],
    "tpr": [
      0.0,
      0.06172839506172839,
      0.07407407407407407,
      0.1111111111111111,
      0.13580246913580246,
      0.16049382716049382,
      0.19753086419753085,
      0.20987654320987653,
      0.25925925925925924,
      0.2839506172839506,
      0.32098765432098764,
      0.3333333333333333,
      0.3333333333333333,
      0.3333333333333333,
      0.37037037037037035,
      0.41975308641975306,
      0.4567901234567901,
      0.4691358024691358,
      0.49382716049382713,
      0.5061728395061729,
      0.5432098765432098,
      0.5802469135802469,
      0.5802469135802469,
      0.6296296296296297,
      0.654320987654321,
      0.6666666666666666,
      0.691358024691358,
      0.7037037037037037,
      0.7777777777777778,
      0.8395061728395061,
      0.8518518518518519,
      0.8641975308641975,
      0.8765432098765432,
      0.9012345679012346,
      0.9135802469135802,
      0.9259259259259259,
      0.9259259259259259,
      0.9629629629629629,
      0.9629629629629629,
      0.9876543209876543,
      1.0
    ],
    "average_precision": 0.4477928864415683,
    "pr_precision": [
      0.405,
      0.41025641025641024,
      0.4105263157894737,
      0.4126984126984127,
      0.4076086956521739,
      0.4098360655737705,
      0.4157303370786517,
      0.42441860465116277,
      0.4251497005988024,
      0.42168674698795183,
      0.42857142857142855,
      0.425,
      0.4090909090909091,
      0.40540540540540543,
      0.4014084507042254,
      0.40875912408759124,
      0.4090909090909091,
      0.42063492063492064,
      0.425,
      0.41228070175438597,
      0.415929203539823,
      0.4074074074074074,
      0.4019607843137255,
      0.4166666666666667,
      0.4222222222222222,
      0.44047619047619047,
      0.4358974358974359,
      0.4166666666666667,
      0.40298507462686567,
      0.4090909090909091,
      0.45,
      0.4406779661016949,
      0.42592592592592593,
      0.41509433962264153,
      0.40384615384615385,
      0.3695652173913043,
      0.4,
      0.38235294117647056,
      0.41379310344827586,
      0.4583333333333333,
      0.5,
      0.5,
      0.8333333333333334,
      1.0
    ],
    "pr_recall": [
      1.0,
      0.9876543209876543,
      0.9629629629629629,
      0.9629629629629629,
      0.9259259259259259,
      0.9259259259259259,
      0.9135802469135802,
      0.9012345679012346,
      0.8765432098765432,
      0.8641975308641975,
      0.8518518518518519,
      0.8395061728395061,
      0.7777777777777778,
      0.7407407407407407,
      0.7037037037037037,
      0.691358024691358,
      0.6666666666666666,
      0.654320987654321,
      0.6296296296296297,
      0.5802469135802469,
      0.5802469135802469,
      0.5432098765432098,
      0.5061728395061729,
      0.49382716049382713,
      0.4691358024691358,
      0.4567901234567901,
      0.41975308641975306,
      0.37037037037037035,
      0.3333333333333333,
      0.3333333333333333,
      0.3333333333333333,
      0.32098765432098764,
      0.2839506172839506,
      0.2716049382716049,
      0.25925925925925924,
      0.20987654320987653,
      0.19753086419753085,
      0.16049382716049382,
      0.14814814814814814,
      0.13580246913580246,
      0.1111111111111111,
      0.07407407407407407,
      0.06172839506172839,
      0.0
    ],
    "log_loss": 0.6773940421606247,
    "confusion_matrix": [
      [
        113,
        6
      ],
      [
        75,
        6
      ]
    ],
    "true_negatives": 113,
    "false_positives": 6,
    "false_negatives": 75,
    "true_positives": 6,
    "specificity": 0.9495798319327731,
    "sensitivity": 0.07407407407407407,
    "balanced_accuracy": 0.5118269530034236
  },
  "calibration_metrics": {
    "brier_score": 0.24215496708373965,
    "calibration_curve": {
      "fraction_of_positives": [
        0.3,
        0.3867924528301887,
        0.4305555555555556,
        0.5
      ],
      "mean_predicted_value": [
        0.29444433748722076,
        0.3594762975314878,
        0.43727562742100823,
        0.566712349653244
      ]
    },
    "expected_calibration_error": 0.021177296340465546
  },
  "per_topic_metrics": {
    "Topic_1": {
      "n_samples": 2,
      "n_positive": 2,
      "accuracy": 0.0,
      "precision": 0.0,
      "recall": 0.0,
      "f1": 0.0,
      "auc": 0.0
    },
    "Topic_2": {
      "n_samples": 10,
      "n_positive": 3,
      "accuracy": 0.7,
      "precision": 0.0,
      "recall": 0.0,
      "f1": 0.0,
      "auc": 0.619047619047619
    },
    "Topic_3": {
      "n_samples": 12,
      "n_positive": 6,
      "accuracy": 0.5,
      "precision": 0.0,
      "recall": 0.0,
      "f1": 0.0,
      "auc": 0.5416666666666666
    },
    "Topic_4": {
      "n_samples": 12,
      "n_positive": 5,
      "accuracy": 0.5833333333333334,
      "precision": 0.0,
      "recall": 0.0,
      "f1": 0.0,
      "auc": 0.24285714285714283
    },
    "Topic_5": {
      "n_samples": 12,
      "n_positive": 4,
      "accuracy": 0.6666666666666666,
      "precision": 0.0,
      "recall": 0.0,
      "f1": 0.0,
      "auc": 0.875
    },
    "Topic_6": {
      "n_samples": 12,
      "n_positive": 3,
      "accuracy": 0.75,
      "precision": 0.0,
      "recall": 0.0,
      "f1": 0.0,
      "auc": 0.38888888888888884
    },
    "Topic_7": {
      "n_samples": 12,
      "n_positive": 6,
      "accuracy": 0.5,
      "precision": 0.5,
      "recall": 1.0,
      "f1": 0.6666666666666666,
      "auc": 0.8333333333333334
    },
    "Topic_8": {
      "n_samples": 12,
      "n_positive": 5,
      "accuracy": 0.5833333333333334,
      "precision": 0.0,
      "recall": 0.0,
      "f1": 0.0,
      "auc": 0.6428571428571428
    },
    "Topic_9": {
      "n_samples": 12,
      "n_positive": 8,
      "accuracy": 0.3333333333333333,
      "precision": 0.0,
      "recall": 0.0,
      "f1": 0.0,
      "auc": 0.3125
    },
    "Topic_10": {
      "n_samples": 12,
      "n_positive": 7,
      "accuracy": 0.4166666666666667,
      "precision": 0.0,
      "recall": 0.0,
      "f1": 0.0,
      "auc": 0.5857142857142857
    },
    "Topic_11": {
      "n_samples": 12,
      "n_positive": 5,
      "accuracy": 0.5833333333333334,
      "precision": 0.0,
      "recall": 0.0,
      "f1": 0.0,
      "auc": 0.5857142857142856
    },
    "Topic_12": {
      "n_samples": 12,
      "n_positive": 7,
      "accuracy": 0.4166666666666667,
      "precision": 0.0,
      "recall": 0.0,
      "f1": 0.0,
      "auc": 0.5142857142857142
    },
    "Topic_13": {
      "n_samples": 12,
      "n_positive": 4,