{
  "model_name": "SAKT",
  "timestamp": "2025-09-05T00:53:09.144641",
  "n_samples": 200,
  "n_positive": 81,
  "n_negative": 119,
  "class_balance": 0.4050000011920929,
  "classification_metrics": {
    "accuracy": 0.595,
    "precision": 0.5,
    "recall": 0.07407407407407407,
    "f1": 0.12903225806451613,
    "auc": 0.5185703911194107,
    "fpr": [
      0.0,
      0.008403361344537815,
      0.04201680672268908,
      0.05042016806722689,
      0.11764705882352941,
      0.15126050420168066,
      0.19327731092436976,
      0.24369747899159663,
      0.3277310924369748,
      0.35294117647058826,
      0.3697478991596639,
      0.3949579831932773,
      0.40336134453781514,
      0.40336134453781514,
      0.42857142857142855,
      0.44537815126050423,
      0.4789915966386555,
      0.5210084033613446,
      0.5294117647058824,
      0.5462184873949579,
      0.5966386554621849,
      0.6302521008403361,
      0.6386554621848739,
      0.6470588235294118,
      0.6722689075630253,
      0.7142857142857143,
      0.7647058823529411,
      0.7647058823529411,
      0.7983193277310925,
      0.8235294117647058,
      0.8571428571428571,
      0.8991596638655462,
      0.9243697478991597,
      0.9243697478991597,
      0.9663865546218487,
      1.0
    ],
    "tpr": [
      0.0,
      0.06172839506172839,
      0.07407407407407407,
      0.07407407407407407,
      0.09876543209876543,
      0.12345679012345678,
      0.13580246913580246,
      0.20987654320987653,
      0.2345679012345679,
      0.2716049382716049,
      0.32098765432098764,
      0.35802469135802467,
      0.41975308641975306,
      0.4444444444444444,
      0.4691358024691358,
      0.5185185185185185,
      0.5308641975308642,
      0.5308641975308642,
      0.5308641975308642,
      0.5802469135802469,
      0.654320987654321,
      0.6790123456790124,
      0.7283950617283951,
      0.7283950617283951,
      0.7654320987654321,
      0.7777777777777778,
      0.8518518518518519,
      0.8641975308641975,
      0.8765432098765432,
      0.9012345679012346,
      0.9135802469135802,
      0.9259259259259259,
      0.9506172839506173,
      0.9629629629629629,
      0.9753086419753086,
      1.0
    ],
    "average_precision": 0.4338401287916394,
    "pr_precision": [
      0.405,
      0.4072164948453608,
      0.4148936170212766,
      0.4117647058823529,
      0.41208791208791207,
      0.42045454545454547,
      0.4269005847953216,
      0.42771084337349397,
      0.43478260869565216,
      0.43125,
      0.42857142857142855,
      0.42567567567567566,
      0.43661971830985913,
      0.4338235294117647,
      0.43703703703703706,
      0.4230769230769231,
      0.4274193548387097,
      0.423728813559322,
      0.41964285714285715,
      0.4056603773584906,
      0.4095238095238095,
      0.43,
      0.4421052631578947,
      0.42696629213483145,
      0.42857142857142855,
      0.42168674698795183,
      0.4146341463414634,
      0.3815789473684211,
      0.37142857142857144,
      0.34375,
      0.3275862068965517,
      0.34615384615384615,
      0.3695652173913043,
      0.35,
      0.3235294117647059,
      0.35714285714285715,
      0.36363636363636365,
      0.4117647058823529,
      0.5,
      0.5454545454545454,
      0.8333333333333334,
      1.0
    ],
    "pr_recall": [
      1.0,
      0.9753086419753086,
      0.9629629629629629,
      0.9506172839506173,
      0.9259259259259259,
      0.9135802469135802,
      0.9012345679012346,
      0.8765432098765432,
      0.8641975308641975,
      0.8518518518518519,
      0.8148148148148148,
      0.7777777777777778,
      0.7654320987654321,
      0.7283950617283951,
      0.7283950617283951,
      0.6790123456790124,
      0.654320987654321,
      0.6172839506172839,
      0.5802469135802469,
      0.5308641975308642,
      0.5308641975308642,
      0.5308641975308642,
      0.5185185185185185,
      0.4691358024691358,
      0.4444444444444444,
      0.43209876543209874,
      0.41975308641975306,
      0.35802469135802467,
      0.32098765432098764,
      0.2716049382716049,
      0.2345679012345679,
      0.2222222222222222,
      0.20987654320987653,
      0.1728395061728395,
      0.13580246913580246,
      0.12345679012345678,
      0.09876543209876543,
      0.08641975308641975,
      0.07407407407407407,
      0.07407407407407407,
      0.06172839506172839,
      0.0
    ],
    "log_loss": 0.6856416629308358,
    "confusion_matrix": [
      [
        113,
        6
      ],
      [
        75,
        6
      ]
    ],
    "true_negatives": 113,
    "false_positives": 6,
    "false_negatives": 75,
    "true_positives": 6,
    "specificity": 0.9495798319327731,
    "sensitivity": 0.07407407407407407,
    "balanced_accuracy": 0.5118269530034236
  },
  "calibration_metrics": {
    "brier_score": 0.2459936711832792,
    "calibration_curve": {
      "fraction_of_positives": [
        0.3,
        0.44871794871794873,
        0.4,
        0.5
      ],
      "mean_predicted_value": [
        0.2593118935823441,
        0.346856808815247,
        0.44645844399929047,
        0.615305150548617
      ]
    },
    "expected_calibration_error": 0.07104226291179658
  },
  "per_topic_metrics": {
    "Topic_1": {
      "n_samples": 2,
      "n_positive": 2,
      "accuracy": 0.0,
      "precision": 0.0,
      "recall": 0.0,
      "f1": 0.0,
      "auc": 0.0
    },
    "Topic_2": {
      "n_samples": 10,
      "n_positive": 3,
      "accuracy": 0.7,
      "precision": 0.0,
      "recall": 0.0,
      "f1": 0.0,
      "auc": 0.619047619047619
    },
    "Topic_3": {
      "n_samples": 12,
      "n_positive": 6,
      "accuracy": 0.5,
      "precision": 0.0,
      "recall": 0.0,
      "f1": 0.0,
      "auc": 0.5
    },
    "Topic_4": {
      "n_samples": 12,
      "n_positive": 5,
      "accuracy": 0.5833333333333334,
      "precision": 0.0,
      "recall": 0.0,
      "f1": 0.0,
      "auc": 0.24285714285714283
    },
    "Topic_5": {
      "n_samples": 12,
      "n_positive": 4,
      "accuracy": 0.6666666666666666,
      "precision": 0.0,
      "recall": 0.0,
      "f1": 0.0,
      "auc": 0.875
    },
    "Topic_6": {
      "n_samples": 12,
      "n_positive": 3,
      "accuracy": 0.75,
      "precision": 0.0,
      "recall": 0.0,
      "f1": 0.0,
      "auc": 0.38888888888888884
    },
    "Topic_7": {
      "n_samples": 12,
      "n_positive": 6,
      "accuracy": 0.5,
      "precision": 0.5,
      "recall": 1.0,
      "f1": 0.6666666666666666,
      "auc": 0.8472222222222223
    },
    "Topic_8": {
      "n_samples": 12,
      "n_positive": 5,
      "accuracy": 0.5833333333333334,
      "precision": 0.0,
      "recall": 0.0,
      "f1": 0.0,
      "auc": 0.6428571428571428
    },
    "Topic_9": {
      "n_samples": 12,
      "n_positive": 8,
      "accuracy": 0.3333333333333333,
      "precision": 0.0,
      "recall": 0.0,
      "f1": 0.0,
      "auc": 0.3125
    },
    "Topic_10": {
      "n_samples": 12,
      "n_positive": 7,
      "accuracy": 0.4166666666666667,
      "precision": 0.0,
      "recall": 0.0,
      "f1": 0.0,
      "auc": 0.6428571428571428
    },
    "Topic_11": {
      "n_samples": 12,
      "n_positive": 5,
      "accuracy": 0.5833333333333334,
      "precision": 0.0,
      "recall": 0.0,
      "f1": 0.0,
      "auc": 0.5857142857142856
    },
    "Topic_12": {
      "n_samples": 12,
      "n_positive": 7,
      "accuracy": 0.4166666666666667,
      "precision": 0.0,
      "recall": 0.0,
      "f1": 0.0,
      "auc": 0.5857142857142857
    },
    "Topic_13": {
      "n_samples": 12,
      "n_positive": 4,
      "accuracy": 0.6666666666666666,
      "precision": 0.0,
      "recall": 0.0,
      "f1": 0.0,
      "auc": 0.265625
    },
    "Topic_14": {
      "n_samples": 12,
      "n_positive": 3,
      "accuracy": 0.75,
      "precision": 0.0,
      "recall": 0.0,
      "f1": 0.0,
      "auc": 0.6111111111111112
    },
    "Topic_15": {
      "n_samples": 12,
      "n_positive": 4,