{
  "model_name": "SAKT",
  "timestamp": "2025-09-05T00:53:18.196667",
  "n_samples": 200,
  "n_positive": 81,
  "n_negative": 119,
  "class_balance": 0.4050000011920929,
  "classification_metrics": {
    "accuracy": 0.595,
    "precision": 0.5,
    "recall": 0.07407407407407407,
    "f1": 0.12903225806451613,
    "auc": 0.5178960473078119,
    "fpr": [
      0.0,
      0.008403361344537815,
      0.05042016806722689,
      0.11764705882352941,
      0.14285714285714285,
      0.17647058823529413,
      0.20168067226890757,
      0.24369747899159663,
      0.24369747899159663,
      0.25210084033613445,
      0.2605042016806723,
      0.2605042016806723,
      0.31092436974789917,
      0.35294117647058826,
      0.37815126050420167,
      0.3949579831932773,
      0.42016806722689076,
      0.453781512605042,
      0.4789915966386555,
      0.4957983193277311,
      0.5378151260504201,
      0.5462184873949579,
      0.5546218487394958,
      0.6050420168067226,
      0.6302521008403361,
      0.6638655462184874,
      0.6722689075630253,
      0.7142857142857143,
      0.7478991596638656,
      0.7647058823529411,
      0.773109243697479,
      0.8067226890756303,
      0.8067226890756303,
      0.8487394957983193,
      0.865546218487395,
      0.8823529411764706,
      0.9159663865546218,
      0.9411764705882353,
      0.9663865546218487,
      1.0
    ],
    "tpr": [
      0.0,
      0.06172839506172839,
      0.07407407407407407,
      0.09876543209876543,
      0.13580246913580246,
      0.16049382716049382,
      0.19753086419753085,
      0.20987654320987653,
      0.2222222222222222,
      0.2716049382716049,
      0.2716049382716049,
      0.2839506172839506,
      0.2839506172839506,
      0.2962962962962963,
      0.3333333333333333,
      0.38271604938271603,
      0.41975308641975306,
      0.4444444444444444,
      0.48148148148148145,
      0.5308641975308642,
      0.5432098765432098,
      0.5432098765432098,
      0.5925925925925926,
      0.6666666666666666,
      0.691358024691358,
      0.7037037037037037,
      0.7654320987654321,
      0.7777777777777778,
      0.8024691358024691,
      0.8395061728395061,
      0.8395061728395061,
      0.8518518518518519,
      0.8641975308641975,
      0.8765432098765432,
      0.9135802469135802,
      0.9135802469135802,
      0.9259259259259259,
      0.9629629629629629,
      0.9876543209876543,
      1.0
    ],
    "average_precision": 0.4381206231603016,
    "pr_precision": [
      0.405,
      0.41025641025641024,
      0.4105263157894737,
      0.4076086956521739,
      0.4134078212290503,
      0.4157303370786517,
      0.4180790960451977,
      0.4127906976744186,
      0.42168674698795183,
      0.41818181818181815,
      0.425,
      0.4276729559748428,
      0.42207792207792205,
      0.42567567567567566,
      0.43661971830985913,
      0.41911764705882354,
      0.42748091603053434,
      0.42857142857142855,
      0.425,
      0.42105263157894735,
      0.4036697247706422,
      0.4074074074074074,
      0.4215686274509804,
      0.40625,
      0.4,
      0.40476190476190477,
      0.3974358974358974,
      0.375,
      0.36363636363636365,
      0.38333333333333336,
      0.42592592592592593,
      0.41509433962264153,
      0.4230769230769231,
      0.3829787234042553,
      0.3695652173913043,
      0.4,
      0.38235294117647056,
      0.39285714285714285,
      0.36363636363636365,
      0.4117647058823529,
      0.5,
      0.8333333333333334,
      1.0
    ],
    "pr_recall": [
      1.0,
      0.9876543209876543,
      0.9629629629629629,
      0.9259259259259259,
      0.9135802469135802,
      0.9135802469135802,
      0.9135802469135802,
      0.8765432098765432,
      0.8641975308641975,
      0.8518518518518519,
      0.8395061728395061,
      0.8395061728395061,
      0.8024691358024691,
      0.7777777777777778,
      0.7654320987654321,
      0.7037037037037037,
      0.691358024691358,
      0.6666666666666666,
      0.6296296296296297,
      0.5925925925925926,
      0.5432098765432098,
      0.5432098765432098,
      0.5308641975308642,
      0.48148148148148145,
      0.4444444444444444,
      0.41975308641975306,
      0.38271604938271603,
      0.3333333333333333,
      0.2962962962962963,
      0.2839506172839506,
      0.2839506172839506,
      0.2716049382716049,
      0.2716049382716049,
      0.2222222222222222,
      0.20987654320987653,
      0.19753086419753085,
      0.16049382716049382,
      0.13580246913580246,
      0.09876543209876543,
      0.08641975308641975,
      0.07407407407407407,
      0.06172839506172839,
      0.0
    ],
    "log_loss": 0.6793916179023458,
    "confusion_matrix": [
      [
        113,
        6
      ],
      [
        75,
        6
      ]
    ],
    "true_negatives": 113,
    "false_positives": 6,
    "false_negatives": 75,
    "true_positives": 6,
    "specificity": 0.9495798319327731,
    "sensitivity": 0.07407407407407407,
    "balanced_accuracy": 0.5118269530034236
  },
  "calibration_metrics": {
    "brier_score": 0.2430621376778089,
    "calibration_curve": {
      "fraction_of_positives": [
        0.35714285714285715,
        0.4067796610169492,
        0.40476190476190477,
        0.5
      ],
      "mean_predicted_value": [
        0.28520154633692335,
        0.3618472933264102,
        0.42723065472784494,
        0.5696466267108917
      ]
    },
    "expected_calibration_error": 0.04547910809516907
  },
  "per_topic_metrics": {
    "Topic_1": {
      "n_samples": 2,
      "n_positive": 2,
      "accuracy": 0.0,
      "precision": 0.0,
      "recall": 0.0,
      "f1": 0.0,
      "auc": 0.0
    },
    "Topic_2": {
      "n_samples": 10,
      "n_positive": 3,
      "accuracy": 0.7,
      "precision": 0.0,
      "recall": 0.0,
      "f1": 0.0,
      "auc": 0.619047619047619
    },
    "Topic_3": {
      "n_samples": 12,
      "n_positive": 6,
      "accuracy": 0.5,
      "precision": 0.0,
      "recall": 0.0,
      "f1": 0.0,
      "auc": 0.5
    },
    "Topic_4": {
      "n_samples": 12,
      "n_positive": 5,
      "accuracy": 0.5833333333333334,
      "precision": 0.0,
      "recall": 0.0,
      "f1": 0.0,
      "auc": 0.24285714285714283
    },
    "Topic_5": {
      "n_samples": 12,
      "n_positive": 4,
      "accuracy": 0.6666666666666666,
      "precision": 0.0,
      "recall": 0.0,
      "f1": 0.0,
      "auc": 0.9375
    },
    "Topic_6": {
      "n_samples": 12,
      "n_positive": 3,
      "accuracy": 0.75,
      "precision": 0.0,
      "recall": 0.0,
      "f1": 0.0,
      "auc": 0.38888888888888884
    },
    "Topic_7": {
      "n_samples": 12,
      "n_positive": 6,
      "accuracy": 0.5,
      "precision": 0.5,
      "recall": 1.0,
      "f1": 0.6666666666666666,
      "auc": 0.8333333333333334
    },
    "Topic_8": {
      "n_samples": 12,
      "n_positive": 5,
      "accuracy": 0.5833333333333334,
      "precision": 0.0,
      "recall": 0.0,
      "f1": 0.0,
      "auc": 0.5714285714285714
    },
    "Topic_9": {
      "n_samples": 12,
      "n_positive": 8,
      "accuracy": 0.3333333333333333,
      "precision": 0.0,
      "recall": 0.0,
      "f1": 0.0,
      "auc": 0.3125
    },
    "Topic_10": {
      "n_samples": 12,
      "n_positive": 7,
      "accuracy": 0.4166666666666667,
      "precision": 0.0,
      "recall": 0.0,
      "f1": 0.0,
      "auc": 0.5285714285714286
    },
    "Topic_11": {
      "n_samples": 12,
      "n_positive": 5,
      "accuracy": 0.5833333333333334,
      "precision": 0.0,
      "recall": 0.0,
      "f1": 0.0,
      "auc": 0.5857142857142856
    },
    "Topic_12": {
      "n_samples": 12,
      "n_positive": 7,
      "accuracy": 0.4166666666666667,
      "precision": 0.0,
      "recall": 0.0,
      "f1": 0.0,
      "auc": 0.5857142857142857
    },
    "Topic_13": {
      "n_samples": 12,
      "n_positive": 4,
      "accuracy": 0.6666666666666666,
      "precision": 0.0,
      "recall": 0.0,
      "f1": 0.0,
      "auc": 0.296875
    },