{
  "model_name": "SAKT",
  "timestamp": "2025-09-05T00:53:13.639317",
  "n_samples": 200,
  "n_positive": 81,
  "n_negative": 119,
  "class_balance": 0.4050000011920929,
  "classification_metrics": {
    "accuracy": 0.595,
    "precision": 0.5,
    "recall": 0.07407407407407407,
    "f1": 0.12903225806451613,
    "auc": 0.5139018570391118,
    "fpr": [
      0.0,
      0.008403361344537815,
      0.01680672268907563,
      0.11764705882352941,
      0.15966386554621848,
      0.18487394957983194,
      0.2184873949579832,
      0.2605042016806723,
      0.31092436974789917,
      0.35294117647058826,
      0.3697478991596639,
      0.3697478991596639,
      0.3865546218487395,
      0.4117647058823529,
      0.44537815126050423,
      0.48739495798319327,
      0.4957983193277311,
      0.4957983193277311,
      0.5126050420168067,
      0.5378151260504201,
      0.5462184873949579,
      0.5630252100840336,
      0.5714285714285714,
      0.5966386554621849,
      0.6302521008403361,
      0.6470588235294118,
      0.6638655462184874,
      0.6722689075630253,
      0.6974789915966386,
      0.7310924369747899,
      0.7394957983193278,
      0.773109243697479,
      0.7899159663865546,
      0.7983193277310925,
      0.8403361344537815,
      0.8739495798319328,
      0.8991596638655462,
      0.9411764705882353,
      0.9663865546218487,
      0.9663865546218487,
      1.0
    ],
    "tpr": [
      0.0,
      0.06172839506172839,
      0.06172839506172839,
      0.09876543209876543,
      0.1111111111111111,
      0.14814814814814814,
      0.1728395061728395,
      0.18518518518518517,
      0.25925925925925924,
      0.2716049382716049,
      0.32098765432098764,
      0.345679012345679,
      0.3950617283950617,
      0.43209876543209874,
      0.4567901234567901,
      0.4567901234567901,
      0.4567901234567901,
      0.4691358024691358,
      0.5061728395061729,
      0.5432098765432098,
      0.5432098765432098,
      0.5802469135802469,
      0.6419753086419753,
      0.6666666666666666,
      0.6790123456790124,
      0.7283950617283951,
      0.7654320987654321,
      0.7654320987654321,
      0.8024691358024691,
      0.8271604938271605,
      0.8271604938271605,
      0.8395061728395061,
      0.8765432098765432,
      0.8765432098765432,
      0.8888888888888888,
      0.9135802469135802,
      0.9382716049382716,
      0.9506172839506173,
      0.9753086419753086,
      0.9876543209876543,
      1.0
    ],
    "average_precision": 0.43050881002514746,
    "pr_precision": [
      0.405,
      0.41025641025641024,
      0.4072164948453608,
      0.4074074074074074,
      0.41530054644808745,
      0.4157303370786517,
      0.4186046511627907,
      0.42771084337349397,
      0.4303030303030303,
      0.425,
      0.432258064516129,
      0.43506493506493504,
      0.4391891891891892,
      0.43661971830985913,
      0.4397163120567376,
      0.4338235294117647,
      0.4230769230769231,
      0.432,
      0.43333333333333335,
      0.41228070175438597,
      0.4036697247706422,
      0.4074074074074074,
      0.4019607843137255,
      0.3917525773195876,
      0.3854166666666667,
      0.3894736842105263,
      0.4111111111111111,
      0.4166666666666667,
      0.41025641025641024,
      0.3888888888888889,
      0.38028169014084506,
      0.37142857142857144,
      0.34375,
      0.3620689655172414,
      0.34615384615384615,
      0.32608695652173914,
      0.35,
      0.35294117647058826,
      0.32142857142857145,
      0.36363636363636365,
      0.4117647058823529,
      0.5,
      0.7142857142857143,
      0.8333333333333334,
      1.0
    ],
    "pr_recall": [
      1.0,
      0.9876543209876543,
      0.9753086419753086,
      0.9506172839506173,
      0.9382716049382716,
      0.9135802469135802,
      0.8888888888888888,
      0.8765432098765432,
      0.8765432098765432,
      0.8395061728395061,
      0.8271604938271605,
      0.8271604938271605,
      0.8024691358024691,
      0.7654320987654321,
      0.7654320987654321,
      0.7283950617283951,
      0.6790123456790124,
      0.6666666666666666,
      0.6419753086419753,
      0.5802469135802469,
      0.5432098765432098,
      0.5432098765432098,
      0.5061728395061729,
      0.4691358024691358,
      0.4567901234567901,
      0.4567901234567901,
      0.4567901234567901,
      0.43209876543209874,
      0.3950617283950617,
      0.345679012345679,
      0.3333333333333333,
      0.32098765432098764,
      0.2716049382716049,
      0.25925925925925924,
      0.2222222222222222,
      0.18518518518518517,
      0.1728395061728395,
      0.14814814814814814,
      0.1111111111111111,
      0.09876543209876543,
      0.08641975308641975,
      0.07407407407407407,
      0.06172839506172839,
      0.06172839506172839,
      0.0
    ],
    "log_loss": 0.6827089791866093,
    "confusion_matrix": [
      [
        113,
        6
      ],
      [
        75,
        6
      ]
    ],
    "true_negatives": 113,
    "false_positives": 6,
    "false_negatives": 75,
    "true_positives": 6,
    "specificity": 0.9495798319327731,
    "sensitivity": 0.07407407407407407,
    "balanced_accuracy": 0.5118269530034236
  },
  "calibration_metrics": {
    "brier_score": 0.2445859924552891,
    "calibration_curve": {
      "fraction_of_positives": [
        0.3076923076923077,
        0.5,
        0.3448275862068966,
        0.5
      ],
      "mean_predicted_value": [
        0.27891340335974324,
        0.35960562641804034,
        0.41934150971215345,
        0.5829754521449407
      ]
    },
    "expected_calibration_error": 0.08882390499114991
  },
  "per_topic_metrics": {
    "Topic_1": {
      "n_samples": 2,
      "n_positive": 2,
      "accuracy": 0.0,
      "precision": 0.0,
      "recall": 0.0,
      "f1": 0.0,
      "auc": 0.0
    },
    "Topic_2": {
      "n_samples": 10,
      "n_positive": 3,
      "accuracy": 0.7,
      "precision": 0.0,
      "recall": 0.0,
      "f1": 0.0,
      "auc": 0.619047619047619
    },
    "Topic_3": {
      "n_samples": 12,
      "n_positive": 6,
      "accuracy": 0.5,
      "precision": 0.0,
      "recall": 0.0,
      "f1": 0.0,
      "auc": 0.5
    },
    "Topic_4": {
      "n_samples": 12,
      "n_positive": 5,
      "accuracy": 0.5833333333333334,
      "precision": 0.0,
      "recall": 0.0,
      "f1": 0.0,
      "auc": 0.24285714285714283
    },
    "Topic_5": {
      "n_samples": 12,
      "n_positive": 4,
      "accuracy": 0.6666666666666666,
      "precision": 0.0,
      "recall": 0.0,
      "f1": 0.0,
      "auc": 0.875
    },
    "Topic_6": {
      "n_samples": 12,
      "n_positive": 3,
      "accuracy": 0.75,
      "precision": 0.0,
      "recall": 0.0,
      "f1": 0.0,
      "auc": 0.38888888888888884
    },
    "Topic_7": {
      "n_samples": 12,
      "n_positive": 6,
      "accuracy": 0.5,
      "precision": 0.5,
      "recall": 1.0,
      "f1": 0.6666666666666666,
      "auc": 0.8194444444444446
    },
    "Topic_8": {
      "n_samples": 12,
      "n_positive": 5,
      "accuracy": 0.5833333333333334,
      "precision": 0.0,
      "recall": 0.0,
      "f1": 0.0,
      "auc": 0.5857142857142856
    },
    "Topic_9": {
      "n_samples": 12,
      "n_positive": 8,
      "accuracy": 0.3333333333333333,
      "precision": 0.0,
      "recall": 0.0,
      "f1": 0.0,
      "auc": 0.3125
    },
    "Topic_10": {
      "n_samples": 12,
      "n_positive": 7,
      "accuracy": 0.4166666666666667,
      "precision": 0.0,
      "recall": 0.0,
      "f1": 0.0,
      "auc": 0.6285714285714286
    },
    "Topic_11": {
      "n_samples": 12,
      "n_positive": 5,
      "accuracy": 0.5833333333333334,
      "precision": 0.0,
      "recall": 0.0,
      "f1": 0.0,
      "auc": 0.5857142857142856
    },
    "Topic_12": {
      "n_samples": 12,
      "n_positive": 7,
      "accuracy": 0.4166666666666667,
      "precision": 0.0,
      "recall": 0.0,
      "f1": 0.0,
      "auc": 0.5714285714285714
    },