{
  "model_name": "SAKT",
  "timestamp": "2025-09-05T00:53:04.784603",
  "n_samples": 200,
  "n_positive": 81,
  "n_negative": 119,
  "class_balance": 0.4050000011920929,
  "classification_metrics": {
    "accuracy": 0.525,
    "precision": 0.3793103448275862,
    "recall": 0.2716049382716049,
    "f1": 0.31654676258992803,
    "auc": 0.5177923021060276,
    "fpr": [
      0.0,
      0.008403361344537815,
      0.05042016806722689,
      0.08403361344537816,
      0.12605042016806722,
      0.17647058823529413,
      0.2184873949579832,
      0.2857142857142857,
      0.3025210084033613,
      0.3445378151260504,
      0.3949579831932773,
      0.40336134453781514,
      0.42857142857142855,
      0.46218487394957986,
      0.46218487394957986,
      0.4789915966386555,
      0.5294117647058824,
      0.5462184873949579,
      0.5630252100840336,
      0.5798319327731093,
      0.6134453781512605,
      0.6386554621848739,
      0.6722689075630253,
      0.6974789915966386,
      0.7058823529411765,
      0.7142857142857143,
      0.7310924369747899,
      0.7394957983193278,
      0.7563025210084033,
      0.7647058823529411,
      0.7983193277310925,
      0.8235294117647058,
      0.8571428571428571,
      0.8991596638655462,
      0.8991596638655462,
      0.9243697478991597,
      0.957983193277311,
      1.0
    ],
    "tpr": [
      0.0,
      0.06172839506172839,
      0.07407407407407407,
      0.09876543209876543,
      0.1111111111111111,
      0.18518518518518517,
      0.19753086419753085,
      0.2222222222222222,
      0.2716049382716049,
      0.2839506172839506,
      0.35802469135802467,
      0.41975308641975306,
      0.4444444444444444,
      0.4567901234567901,
      0.48148148148148145,
      0.5308641975308642,
      0.5308641975308642,
      0.5802469135802469,
      0.6172839506172839,
      0.6172839506172839,
      0.6296296296296297,
      0.6666666666666666,
      0.691358024691358,
      0.7283950617283951,
      0.7777777777777778,
      0.7777777777777778,
      0.8148148148148148,
      0.8148148148148148,
      0.8518518518518519,
      0.8518518518518519,
      0.8765432098765432,
      0.9012345679012346,
      0.9135802469135802,
      0.9259259259259259,
      0.9382716049382716,
      0.9629629629629629,
      0.9876543209876543,
      1.0
    ],
    "average_precision": 0.437856668466662,
    "pr_precision": [
      0.405,
      0.41237113402061853,
      0.4148936170212766,
      0.41530054644808745,
      0.41208791208791207,
      0.42045454545454547,
      0.4269005847953216,
      0.42771084337349397,
      0.43125,
      0.4339622641509434,
      0.42857142857142855,
      0.43137254901960786,
      0.42567567567567566,
      0.42857142857142855,
      0.4154929577464789,
      0.4117647058823529,
      0.4153846153846154,
      0.4112903225806452,
      0.42016806722689076,
      0.423728813559322,
      0.42735042735042733,
      0.41964285714285715,
      0.4056603773584906,
      0.43,
      0.4148936170212766,
      0.40860215053763443,
      0.40217391304347827,
      0.41379310344827586,
      0.4146341463414634,
      0.3815789473684211,
      0.37142857142857144,
      0.359375,
      0.3793103448275862,
      0.34615384615384615,
      0.3617021276595745,
      0.38095238095238093,
      0.4166666666666667,
      0.4,
      0.375,
      0.4444444444444444,
      0.5,
      0.8333333333333334,
      1.0
    ],
    "pr_recall": [
      1.0,
      0.9876543209876543,
      0.9629629629629629,
      0.9382716049382716,
      0.9259259259259259,
      0.9135802469135802,
      0.9012345679012346,
      0.8765432098765432,
      0.8518518518518519,
      0.8518518518518519,
      0.8148148148148148,
      0.8148148148148148,
      0.7777777777777778,
      0.7777777777777778,
      0.7283950617283951,
      0.691358024691358,
      0.6666666666666666,
      0.6296296296296297,
      0.6172839506172839,
      0.6172839506172839,
      0.6172839506172839,
      0.5802469135802469,
      0.5308641975308642,
      0.5308641975308642,
      0.48148148148148145,
      0.4691358024691358,
      0.4567901234567901,
      0.4444444444444444,
      0.41975308641975306,
      0.35802469135802467,
      0.32098765432098764,
      0.2839506172839506,
      0.2716049382716049,
      0.2222222222222222,
      0.20987654320987653,
      0.19753086419753085,
      0.18518518518518517,
      0.14814814814814814,
      0.1111111111111111,
      0.09876543209876543,
      0.07407407407407407,
      0.06172839506172839,
      0.0
    ],
    "log_loss": 0.6919626905245528,
    "confusion_matrix": [
      [
        83,
        36
      ],
      [
        59,
        22
      ]
    ],
    "true_negatives": 83,
    "false_positives": 36,
    "false_negatives": 59,
    "true_positives": 22,
    "specificity": 0.6974789915966386,
    "sensitivity": 0.2716049382716049,
    "balanced_accuracy": 0.48454196493412177
  },
  "calibration_metrics": {
    "brier_score": 0.2492302053592358,
    "calibration_curve": {
      "fraction_of_positives": [
        0.29411764705882354,
        0.42424242424242425,
        0.5,
        0.34782608695652173,
        0.5
      ],
      "mean_predicted_value": [
        0.2566710430033067,
        0.35223002189939673,
        0.46322727629116606,
        0.5284585473330125,
        0.6725887656211853
      ]
    },
    "expected_calibration_error": 0.08975307554006577
  },
  "per_topic_metrics": {
    "Topic_1": {
      "n_samples": 2,
      "n_positive": 2,
      "accuracy": 0.0,
      "precision": 0.0,
      "recall": 0.0,
      "f1": 0.0,
      "auc": 0.0
    },
    "Topic_2": {
      "n_samples": 10,
      "n_positive": 3,
      "accuracy": 0.7,
      "precision": 0.0,
      "recall": 0.0,
      "f1": 0.0,
      "auc": 0.619047619047619
    },
    "Topic_3": {
      "n_samples": 12,
      "n_positive": 6,
      "accuracy": 0.5,
      "precision": 0.5,
      "recall": 1.0,
      "f1": 0.6666666666666666,
      "auc": 0.5
    },
    "Topic_4": {
      "n_samples": 12,
      "n_positive": 5,
      "accuracy": 0.4166666666666667,
      "precision": 0.4166666666666667,
      "recall": 1.0,
      "f1": 0.5882352941176471,
      "auc": 0.24285714285714283
    },
    "Topic_5": {
      "n_samples": 12,
      "n_positive": 4,
      "accuracy": 0.6666666666666666,
      "precision": 0.0,
      "recall": 0.0,
      "f1": 0.0,
      "auc": 0.875
    },
    "Topic_6": {
      "n_samples": 12,
      "n_positive": 3,
      "accuracy": 0.75,
      "precision": 0.0,
      "recall": 0.0,
      "f1": 0.0,
      "auc": 0.6111111111111112
    },
    "Topic_7": {
      "n_samples": 12,
      "n_positive": 6,
      "accuracy": 0.5,
      "precision": 0.5,
      "recall": 1.0,
      "f1": 0.6666666666666666,
      "auc": 0.8333333333333334
    },
    "Topic_8": {
      "n_samples": 12,
      "n_positive": 5,
      "accuracy": 0.5833333333333334,
      "precision": 0.0,
      "recall": 0.0,
      "f1": 0.0,
      "auc": 0.6285714285714286
    },
    "Topic_9": {
      "n_samples": 12,
      "n_positive": 8,
      "accuracy": 0.3333333333333333,
      "precision": 0.0,
      "recall": 0.0,
      "f1": 0.0,
      "auc": 0.3125
    },
    "Topic_10": {
      "n_samples": 12,
      "n_positive": 7,
      "accuracy": 0.4166666666666667,
      "precision": 0.0,
      "recall": 0.0,
      "f1": 0.0,
      "auc": 0.6857142857142857
    },
    "Topic_11": {
      "n_samples": 12,
      "n_positive": 5,
      "accuracy": 0.5833333333333334,
      "precision": 0.0,
      "recall": 0.0,
      "f1": 0.0,
      "auc": 0.41428571428571426
    },
    "Topic_12": {
      "n_samples": 12,
      "n_positive": 7,
      "accuracy": 0.4166666666666667,
      "precision": 0.0,
      "recall": 0.0,
      "f1": 0.0,
      "auc": 0.6285714285714286
    },
    "Topic_13": {
      "n_samples": 12,
      "n_positive": 4,
      "accuracy": 0.6666666666666666,
      "precision": 0.0,
      "recall": 0.0,
      "f1": 0.0,